Zip Code,Lat,Long
90001,33.973616,-118.24902
90002,33.949255,-118.246978
90003,33.964131,-118.272783
90004,34.076259,-118.310715
90005,34.059281,-118.30742
90006,34.048013,-118.293953
90007,34.027337,-118.28515
90008,34.008293,-118.346766
90011,34.00709,-118.258681
90012,34.065875,-118.238728
90013,34.044639,-118.240413
90014,34.043144,-118.251977
90015,34.039224,-118.266293
90016,34.028331,-118.354338
90017,34.052842,-118.264495
90018,34.028735,-118.317236
90019,34.049841,-118.33846
90020,34.066367,-118.309868
90021,34.029043,-118.239504
90022,34.02381,-118.156582
90023,34.017697,-118.200577
90024,34.066303,-118.435479
90025,34.046174,-118.446333
90026,34.078991,-118.263804
90027,34.127194,-118.295647
90028,34.099869,-118.326843
90029,34.089953,-118.294824
90031,34.085807,-118.206617
90032,34.078821,-118.177576
90033,34.050198,-118.210946
90034,34.030578,-118.399613
90035,34.051809,-118.383843
90036,34.070291,-118.349191
90037,34.002642,-118.287596
90038,34.088017,-118.327168
90039,34.110845,-118.259595
90040,33.994524,-118.149953
90041,34.137412,-118.207607
90042,34.11572,-118.192754
90043,33.988543,-118.334081
90044,33.952714,-118.292061
90045,33.954017,-118.402447
90046,34.108455,-118.362081
90047,33.958149,-118.308441
90048,34.072945,-118.37267
90049,34.091829,-118.491244
90056,33.987945,-118.370442
90057,34.061918,-118.277939
90058,34.001617,-118.222274
90059,33.927254,-118.249826
90061,33.92128,-118.274186
90062,34.003553,-118.308933
90063,34.044271,-118.185237
90064,34.037251,-118.423573
90065,34.108833,-118.229715
90066,34.002028,-118.430656
90067,34.057496,-118.413959
90068,34.137411,-118.328915
90069,34.093781,-118.381061
90071,34.052917,-118.255178
90073,33.7866,-118.2987
90077,34.102084,-118.451629
90089,33.7866,-118.2987
90094,33.9728,-118.4276
90095,33.7866,-118.2987
90201,33.970343,-118.171368
90210,34.099891,-118.414338
90211,34.063947,-118.383001
90212,34.062095,-118.401508
90220,33.88151,-118.234451
90221,33.885811,-118.206459
90222,33.912246,-118.236773
90230,33.993991,-118.39704
90232,34.019323,-118.391902
90240,33.956228,-118.120993
90241,33.940884,-118.128628
90242,33.921793,-118.140588
90245,33.917145,-118.401554
90247,33.890853,-118.297967
90248,33.876482,-118.284077
90249,33.90139,-118.315697
90250,33.914775,-118.348083
90254,33.86532,-118.396336
90255,33.97803,-118.217141
90260,33.88856,-118.351813
90262,33.923573,-118.200669
90263,34.037037,-118.705803
90265,34.074572,-118.831181
90266,33.889632,-118.39737
90270,33.988572,-118.186565
90272,34.079449,-118.548306
90274,33.788208,-118.404955
90275,33.753146,-118.367459
90277,33.830453,-118.384565
90278,33.873395,-118.37019
90280,33.944624,-118.192615
90290,34.115192,-118.61017
90291,33.991782,-118.479229
90292,33.977468,-118.445475
90293,33.947305,-118.439841
90301,33.956445,-118.358634
90302,33.975332,-118.355252
90303,33.936291,-118.332639
90304,33.936827,-118.359824
90305,33.958134,-118.330905
90401,34.015481,-118.493231
90402,34.035849,-118.503508
90403,34.031529,-118.491156
90404,34.026334,-118.474222
90405,34.005439,-118.477507
90501,33.833699,-118.314387
90502,33.833181,-118.292062
90503,33.840399,-118.353714
90504,33.867257,-118.330794
90505,33.807882,-118.347957
90506,33.7866,-118.2987
90601,34.007353,-118.033683
90602,33.972119,-118.020188
90603,33.945318,-117.992066
90604,33.929704,-118.01208
90605,33.960891,-118.032222
90606,33.976678,-118.065875
90620,33.845706,-118.012204
90621,33.874224,-117.993368
90623,33.850504,-118.039892
90630,33.818477,-118.038307
90631,33.940619,-117.9513
90638,33.902045,-118.008961
90639,33.9058,-118.0182
90640,34.015217,-118.109962
90650,33.905963,-118.08263
90660,33.989524,-118.089299
90670,33.933565,-118.062611
90680,33.801869,-117.995068
90701,33.867593,-118.080637
90703,33.8681,-118.067402
90704,33.391181,-118.421305
90706,33.887676,-118.127289
90710,33.798266,-118.300237
90712,33.840524,-118.148403
90713,33.847755,-118.112532
90715,33.841027,-118.078097
90716,33.830431,-118.074071
90717,33.794209,-118.317354
90720,33.79499,-118.065591
90723,33.897122,-118.164432
90731,33.736387,-118.284363
90732,33.744119,-118.31448
90740,33.75462,-118.071128
90742,33.719221,-118.073596
90743,33.728273,-118.085304
90744,33.782068,-118.262263
90745,33.822295,-118.26411
90746,33.859171,-118.252272
90747,33.8671,-118.2538
90755,33.8029,-118.1677
90802,33.752524,-118.210737
90803,33.760458,-118.129725
90804,33.783047,-118.1486
90805,33.864622,-118.179626
90806,33.802664,-118.179971
90807,33.830099,-118.182239
90808,33.823943,-118.111335
90810,33.819814,-118.222416
90813,33.781086,-118.199049
90814,33.771612,-118.143866
90815,33.797638,-118.11662
90822,33.778436,-118.118648
90840,33.7843,-118.1157
91001,34.196837,-118.142236
91006,34.137319,-118.029837
91007,34.128284,-118.047732
91008,34.149,-117.9644
91010,34.145695,-117.95982
91011,34.234912,-118.153729
91016,34.1528,-118.000482
91020,34.2112,-118.230625
91024,34.168686,-118.057505
91030,34.110444,-118.156957
91040,34.282704,-118.312929
91042,34.296574,-118.244839
91101,34.146635,-118.139225
91103,34.167465,-118.165327
91104,34.165383,-118.123752
91105,34.13946,-118.166649
91106,34.139402,-118.128658
91107,34.159007,-118.087353
91108,34.122671,-118.112911
91123,34.1478,-118.1445
91201,34.17051,-118.289463
91202,34.167926,-118.267539
91203,34.153338,-118.262974
91204,34.136306,-118.26036
91205,34.13658,-118.245839
91206,34.162515,-118.203869
91207,34.182378,-118.262922
91208,34.195386,-118.238508
91210,34.1425,-118.2551
91214,34.239636,-118.245259
91301,34.129058,-118.759788
91302,34.130861,-118.68346
91303,34.19829,-118.602203
91304,34.224377,-118.632656
91306,34.209532,-118.577563
91307,34.199787,-118.68493
91311,34.294142,-118.603883
91316,34.150354,-118.518292
91320,34.172071,-118.946262
91321,34.370378,-118.504118
91324,34.238208,-118.55029
91325,34.236683,-118.517588
91326,34.281911,-118.556218
91330,34.2283,-118.5368
91331,34.255442,-118.421314
91335,34.200175,-118.540958
91340,34.286131,-118.435969
91342,34.321621,-118.399841
91343,34.238802,-118.482296
91344,34.291273,-118.505104
91345,34.266389,-118.459744
91350,34.502432,-118.41459
91351,34.422519,-118.420717
91352,34.231053,-118.338307
91354,34.457005,-118.573726
91355,34.43987,-118.644609
91356,34.157137,-118.548511
91360,34.214054,-118.88109
91361,34.130992,-118.894673
91362,34.191842,-118.822796
91364,34.153733,-118.593408
91367,34.178068,-118.615714
91371,34.1683,-118.6059
91377,34.19225,-118.776874
91381,34.364153,-118.615583
91384,34.506627,-118.699048
91387,34.4132,-118.426
91390,34.4684,-118.5261
91401,34.178483,-118.431791
91402,34.223768,-118.445461
91403,34.147149,-118.463365
91405,34.202494,-118.448048
91406,34.195685,-118.490752
91411,34.17847,-118.459472
91423,34.146957,-118.432138
91436,34.152875,-118.486056
91501,34.188339,-118.300942
91502,34.177267,-118.31003
91504,34.213049,-118.317651
91505,34.174215,-118.345928
91506,34.169706,-118.323548
91521,34.1808,-118.309
91522,34.1808,-118.309
91523,34.1808,-118.309
91601,34.1692,-118.372498
91602,34.15136,-118.364786
91604,34.139082,-118.39275
91605,34.207295,-118.400022
91606,34.187599,-118.387125
91607,34.165783,-118.399795
91608,34.1383,-118.3528
91701,34.132275,-117.611478
91702,34.174493,-117.87068
91706,34.098275,-117.967399
91708,33.954,-117.6404
91709,33.942895,-117.725644
91710,33.990646,-117.663025
91711,34.127621,-117.717863
91722,34.097345,-117.906736
91723,34.084747,-117.886844
91724,34.08111,-117.853935
91730,34.10097,-117.57882
91731,34.079934,-118.046695
91732,34.074492,-118.01462
91733,34.04622,-118.053753
91737,34.245289,-117.642503
91739,34.133809,-117.523724
91740,34.119363,-117.855059
91741,34.14649,-117.849815
91744,34.031441,-117.936436
91745,33.998471,-117.973758
91746,34.038983,-117.991372
91748,33.976753,-117.897367
91750,34.144703,-117.770299
91752,33.999992,-117.535395
91754,34.050322,-118.147037
91755,34.049172,-118.115022
91759,34.231318,-117.662032
91761,34.035602,-117.591528
91762,34.057256,-117.667677
91763,34.072121,-117.698319
91764,34.074087,-117.605618
91765,33.992416,-117.807874
91766,34.042286,-117.756106
91767,34.083086,-117.737997
91768,34.067932,-117.785168
91770,34.065108,-118.082791
91773,34.102119,-117.815532
91775,34.114772,-118.089431
91776,34.089927,-118.095645
91780,34.101608,-118.055848
91784,34.141146,-117.655583
91786,34.105493,-117.660934
91789,34.018354,-117.85492
91790,34.066964,-117.937007
91791,34.061634,-117.893169
91792,34.024405,-117.898722
91801,34.090925,-118.128164
91803,34.074736,-118.145959
91901,32.827184,-116.703729
91902,32.67117,-117.00232
91905,32.677097,-116.304991
91906,32.673483,-116.472863
91910,32.636792,-117.054989
91911,32.607964,-117.059459
91913,32.64164,-116.985026
91914,32.688506,-116.938632
91915,32.605012,-116.97595
91916,32.912664,-116.635387
91917,32.622999,-116.687855
91932,32.579134,-117.119009
91934,32.649787,-116.2237
91935,32.695681,-116.798386
91941,32.759327,-116.99726
91942,32.782501,-117.01611
91945,32.733564,-117.033713
91950,32.67102,-117.095235
91962,32.800671,-116.483363
91963,32.619465,-116.593605
91977,32.726627,-116.994608
91978,32.730264,-116.950963
91980,32.587557,-116.636816
92003,33.290907,-117.202895
92004,33.200369,-116.192313
92007,33.015866,-117.272254
92008,33.148116,-117.306043
92009,33.098018,-117.258203
92010,33.1639,-117.3009
92011,33.1072,-117.2943
92014,32.948262,-117.256086
92019,32.785165,-116.862648
92020,32.79697,-116.969082
92021,32.832706,-116.873258
92024,33.054579,-117.25665
92025,33.081478,-117.033814
92026,33.21846,-117.116916
92027,33.141265,-116.967221
92028,33.362575,-117.299644
92029,33.079834,-117.134275
92036,32.980678,-116.262854
92037,32.853743,-117.25034
92040,32.909873,-116.906774
92054,33.351059,-117.420557
92055,33.2433,-117.3768
92056,33.194742,-117.29032
92057,33.254497,-117.285879
92058,33.1959,-117.3795
92059,33.384345,-117.072619
92061,33.313828,-116.940501
92064,32.984395,-117.013454
92065,33.044541,-116.833922
92066,33.215251,-116.53633
92067,33.012751,-117.200617
92069,33.162624,-117.170863
92070,33.174725,-116.743329
92071,32.847336,-116.997605
92075,33.001813,-117.263628
92078,33.119028,-117.166036
92081,33.1644,-117.2403
92082,33.25283,-116.986079
92083,33.17494,-117.242761
92084,33.22784,-117.200024
92086,33.323705,-116.626907
92091,32.99356,-117.207121
92093,32.8473,-117.2742
92096,33.1434,-117.1661
92101,32.72523,-117.171346
92102,32.716007,-117.117462
92103,32.747484,-117.166877
92104,32.741499,-117.127409
92105,32.741859,-117.090353
92106,32.71346,-117.236378
92107,32.741852,-117.243453
92108,32.774046,-117.142454
92109,32.787836,-117.232376
92110,32.76501,-117.19938
92111,32.805518,-117.169052
92113,32.697098,-117.116587
92114,32.707892,-117.05512
92115,32.762506,-117.07245
92116,32.765299,-117.122565
92117,32.825086,-117.199424
92118,32.68674,-117.186612
92119,32.802959,-117.027095
92120,32.807867,-117.060993
92121,32.898613,-117.202937
92122,32.85723,-117.209774
92123,32.808814,-117.134694
92124,32.827238,-117.089287
92126,32.886925,-117.152162
92127,33.017518,-117.118456
92128,33.000269,-117.072093
92129,32.961064,-117.134917
92130,32.957195,-117.202542
92131,32.89325,-117.087091
92134,32.7242,-117.1466
92135,32.7153,-117.1573
92136,32.6834,-117.1219
92139,32.677716,-117.047666
92140,32.7434,-117.2004
92145,32.8891,-117.1005
92152,32.7153,-117.1573
92154,32.578103,-117.012975
92155,32.6716,-117.1657
92173,32.555828,-117.040073
92182,32.7751,-117.0762
92201,33.713891,-116.237257
92203,33.752938,-116.230055
92210,33.537646,-116.291089
92211,33.762759,-116.324817
92220,33.936298,-116.849577
92223,33.946982,-116.977672
92225,33.674583,-114.71612
92227,33.03933,-115.191857
92230,33.929812,-116.76058
92231,32.690654,-115.431225
92233,33.143826,-115.497485
92234,33.829583,-116.474131
92236,33.680031,-116.171678
92239,33.889605,-115.257009
92240,33.948558,-116.516976
92241,33.832799,-116.250973
92242,34.137742,-114.36514
92243,32.770393,-115.60915
92249,32.730583,-115.501083
92250,32.811001,-115.152865
92251,32.858595,-115.662709
92252,34.167236,-116.281511
92253,33.695532,-116.310571
92254,33.543835,-115.993906
92256,34.097863,-116.594561
92257,33.345825,-115.596574
92258,33.906496,-116.569499
92259,32.698964,-115.886656
92260,33.694501,-116.412711
92262,33.839989,-116.659215
92264,33.745746,-116.514215
92267,34.273872,-114.192901
92270,33.763678,-116.429928
92274,33.53604,-116.119222
92276,33.849263,-116.382778
92277,34.17211,-115.769773
92278,34.457829,-116.139589
92280,34.264124,-114.717964
92281,33.03679,-115.60503
92282,33.972293,-116.654195
92283,32.852947,-114.850784
92284,34.159534,-116.425984
92285,34.341737,-116.539416
92301,34.667815,-117.536183
92304,34.559882,-115.637164
92305,34.1678,-116.86433
92307,34.55082,-117.122396
92308,34.424926,-117.184503
92309,35.28952,-116.092214
92310,35.349241,-116.770281
92311,34.965648,-117.001509
92313,34.029175,-117.307211
92314,34.278967,-116.773825
92315,34.242058,-116.89802
92316,34.059722,-117.39104
92317,34.2112,-117.0796
92318,34.0483,-117.2309
92320,33.982787,-117.057627
92321,34.255203,-117.175654
92322,34.2544,-117.3265
92324,34.030915,-117.273201
92325,34.248061,-117.29028
92327,34.875144,-116.821698
92328,36.27688,-117.033326
92332,34.9436,-115.287901
92333,34.274846,-116.937581
92335,34.087558,-117.464096
92336,34.136367,-117.460803
92337,34.049671,-117.468896
92338,34.702766,-116.093376
92339,34.067699,-116.903891
92341,34.244411,-117.072654
92342,34.757783,-117.33997
92344,34.4239,-117.4075
92345,34.361387,-117.337509
92346,34.129677,-117.154277
92347,34.983808,-117.239306
92350,34.0483,-117.2612
92352,34.2565,-117.19335
92354,34.049315,-117.255974
92356,34.508417,-116.856103
92358,34.238162,-117.534306
92359,34.103578,-117.04054
92363,34.711224,-114.702256
92364,35.478736,-115.516984
92365,34.89326,-116.505958
92368,34.647959,-117.296957
92371,34.441123,-117.537886
92372,34.459322,-117.629729
92373,34.003243,-117.138286
92374,34.064073,-117.166158
92376,34.109775,-117.378904
92377,34.156758,-117.404686
92378,34.2297,-117.225
92382,34.186211,-117.07683
92384,35.924252,-116.188668
92385,34.2353,-117.1792
92386,34.243088,-116.830015
92389,35.824572,-116.274755
92391,34.2379,-117.2348
92392,34.486835,-117.362274
92394,34.567058,-117.362329
92395,34.5016,-117.2944
92397,34.358321,-117.618263
92398,35.013299,-116.834092
92399,34.04597,-117.011825
92401,34.105935,-117.2914
92404,34.183286,-117.221722
92405,34.142747,-117.300864
92407,34.250069,-117.393949
92408,34.084909,-117.258107
92410,34.106922,-117.297553
92411,34.122501,-117.320138
92415,34.1083,-117.2898
92501,33.994676,-117.372498
92503,33.890046,-117.455583
92504,33.9108,-117.398153
92505,33.920907,-117.489426
92506,33.930931,-117.361788
92507,33.976328,-117.319786
92508,33.885499,-117.324959
92509,34.004379,-117.447864
92518,33.888323,-117.277533
92521,33.9533,-117.3962
92530,33.655421,-117.391751
92532,33.705836,-117.318204
92536,33.482243,-116.827173
92539,33.527605,-116.666551
92543,33.739415,-116.968339
92544,33.644585,-116.871544
92545,33.734933,-117.044145
92548,33.761894,-117.120868
92549,33.755039,-116.741796
92551,33.88274,-117.224878
92553,33.923149,-117.244933
92555,33.907361,-117.109972
92557,33.970661,-117.255039
92561,33.638645,-116.55783
92562,33.548869,-117.334165
92563,33.581045,-117.14719
92567,33.82769,-117.102244
92570,33.787298,-117.320676
92571,33.828289,-117.201666
92582,33.806708,-117.02007
92583,33.796568,-116.924723
92584,33.653338,-117.178271
92585,33.739412,-117.173334
92586,33.707483,-117.200006
92587,33.69887,-117.25071
92590,33.475493,-117.219551
92591,33.540604,-117.10909
92592,33.507255,-117.029473
92595,33.617108,-117.253349
92596,33.657433,-117.04254
92602,33.720359,-117.733655
92603,33.6245,-117.794
92604,33.688546,-117.788091
92606,33.703976,-117.824172
92610,33.698728,-117.67768
92612,33.643095,-117.810896
92614,33.680302,-117.833296
92617,33.6425,-117.8417
92618,33.667145,-117.732135
92620,33.716136,-117.752574
92624,33.458754,-117.665104
92625,33.600987,-117.862734
92626,33.678591,-117.905471
92627,33.645672,-117.922613
92629,33.477923,-117.705314
92630,33.644849,-117.684254
92637,33.6103,-117.7253
92646,33.666301,-117.969501
92647,33.723579,-118.005441
92648,33.679659,-118.016195
92649,33.721917,-118.043237
92651,33.570023,-117.773669
92653,33.606899,-117.717854
92655,33.744439,-117.98588
92656,33.571259,-117.731917
92657,33.603282,-117.821841
92660,33.634626,-117.874882
92661,33.601309,-117.902304
92662,33.606336,-117.893042
92663,33.62251,-117.927024
92672,33.429488,-117.609432
92673,33.4725,-117.584273
92675,33.521447,-117.602555
92676,33.782346,-117.635263
92677,33.529047,-117.701175
92679,33.631119,-117.567346
92683,33.752591,-117.993661
92688,33.624654,-117.611733
92691,33.611945,-117.665867
92692,33.60693,-117.644253
92694,33.569186,-117.640055
92697,33.6485,-117.8387
92701,33.748478,-117.858918
92703,33.748635,-117.906125
92704,33.719869,-117.907063
92705,33.766004,-117.786763
92706,33.765893,-117.881533
92707,33.714829,-117.872941
92708,33.712036,-117.950113
92780,33.735802,-117.818805
92782,33.738543,-117.785046
92801,33.844983,-117.952151
92802,33.807864,-117.923782
92804,33.818,-117.974404
92805,33.830209,-117.906099
92806,33.83796,-117.870494
92807,33.848733,-117.788357
92808,33.850452,-117.726668
92821,33.930199,-117.862898
92823,33.924143,-117.79387
92831,33.879983,-117.895482
92832,33.868316,-117.929029
92833,33.877639,-117.961212
92835,33.902211,-117.914922
92840,33.787165,-117.931889
92841,33.786738,-117.982564
92843,33.764018,-117.931507
92844,33.766476,-117.969795
92845,33.782955,-118.026456
92860,33.925833,-117.559639
92861,33.817473,-117.810462
92865,33.828779,-117.848299
92866,33.784597,-117.844535
92867,33.81859,-117.821288
92868,33.787796,-117.875928
92869,33.792791,-117.789749
92870,33.881158,-117.854783
92879,33.893823,-117.531446
92880,33.918043,-117.617809
92881,33.833686,-117.513063
92882,33.819385,-117.600213
92883,33.762351,-117.488725
92886,33.897253,-117.792202
92887,33.884073,-117.732197
93001,34.360261,-119.306383
93003,34.279221,-119.221437
93004,34.278697,-119.167798
93010,34.227846,-119.079903
93012,34.205504,-118.993111
93013,34.441398,-119.513163
93015,34.408161,-118.865111
93021,34.312945,-118.858169
93022,34.404544,-119.302118
93023,34.581308,-118.931948
93030,34.223244,-119.18012
93033,34.156629,-119.117218
93035,34.18454,-119.224666
93036,34.2351,-119.182
93040,34.432843,-118.730106
93041,34.110124,-119.100972
93042,34.1134,-119.1124
93043,34.1621,-119.2074
93060,34.402343,-119.094824
93063,34.296813,-118.685703
93065,34.269449,-118.768471
93066,34.297628,-119.014627
93067,34.420998,-119.60137
93101,34.419203,-119.710008
93103,34.438581,-119.685368
93105,34.037342,-119.80079
93106,34.4329,-119.8371
93108,34.457541,-119.631072
93109,34.406256,-119.726936
93110,34.437945,-119.77191
93111,34.460197,-119.802602
93117,34.489983,-120.091246
93202,36.315979,-119.710852
93203,35.116307,-118.817644
93204,35.916943,-120.129921
93205,35.523991,-118.400432
93206,35.451402,-119.488413
93207,35.865795,-118.69759
93210,36.186867,-120.387793
93212,36.04533,-119.532424
93215,35.772244,-119.209689
93219,35.858054,-119.305858
93221,36.301689,-119.018233
93222,34.907911,-119.234281
93223,36.29878,-119.201028
93224,35.215731,-119.57013
93225,34.827662,-118.999073
93226,35.735694,-118.738483
93230,36.29223,-119.622676
93234,36.217864,-120.080117
93235,36.385818,-119.224243
93238,35.852892,-118.397782
93239,35.996923,-120.000951
93240,35.607875,-118.466318
93241,35.245035,-118.905553
93242,36.444232,-119.718285
93243,34.845861,-118.885163
93244,36.462671,-118.997291
93245,36.303666,-119.825657
93247,36.205465,-119.085807
93249,35.637715,-119.893068
93250,35.666886,-119.186717
93251,35.38381,-119.730885
93252,34.737031,-119.460557
93254,34.956577,-119.750142
93255,35.676978,-118.101378
93256,35.957019,-119.330928
93257,36.008958,-118.891593
93260,35.861928,-118.636698
93262,36.527243,-118.594938
93263,35.490705,-119.286833
93265,36.245926,-118.693138
93266,36.175255,-119.813805
93267,36.141319,-119.129075
93268,35.184837,-119.402525
93270,35.939068,-119.043666
93271,36.413433,-118.854708
93272,36.047414,-119.344304
93274,36.185471,-119.375243
93276,35.316263,-119.402559
93277,36.303793,-119.375646
93280,35.652242,-119.4464
93283,35.55647,-118.244914
93285,35.690535,-118.552784
93286,36.464635,-119.094348
93287,35.710244,-118.881679
93291,36.391777,-119.372842
93292,36.37559,-119.211689
93301,35.383937,-119.020428
93304,35.339796,-119.023552
93305,35.391733,-118.984109
93306,35.449881,-118.841442
93307,35.280113,-118.962329
93308,35.559617,-118.925185
93309,35.342891,-119.064803
93311,35.16207,-119.194488
93312,35.392599,-119.245341
93313,35.140938,-119.051348
93314,35.3863,-119.17
93401,35.233745,-120.626442
93402,35.279984,-120.824288
93405,35.236549,-120.727344
93407,35.2828,-120.6596
93420,35.176236,-120.483243
93422,35.453912,-120.69461
93426,35.842889,-121.004862
93427,34.631362,-120.238218
93428,35.591387,-121.032256
93429,34.866032,-120.536546
93430,35.511833,-120.918713
93432,35.480896,-120.469476
93433,35.120833,-120.61843
93434,34.936,-120.594655
93435,35.4919,-120.9763
93436,34.601055,-120.382917
93437,34.757477,-120.550507
93440,34.758699,-120.275839
93441,34.70434,-120.02609
93442,35.369553,-120.763864
93444,35.050345,-120.489599
93445,35.059695,-120.604741
93446,35.634222,-120.728341
93449,35.165668,-120.655842
93450,35.996008,-120.85305
93451,35.886767,-120.608661
93452,35.746484,-121.223355
93453,35.303926,-120.256567
93454,34.943523,-120.256729
93455,34.818227,-120.418784
93458,34.95934,-120.490081
93460,34.630356,-120.032564
93461,35.634488,-120.293534
93463,34.624399,-120.137875
93465,35.536115,-120.739231
93501,35.097323,-118.171288
93505,35.151491,-117.927597
93510,34.501452,-118.207862
93512,37.653947,-118.231443
93513,37.245505,-118.062943
93514,37.04584,-118.397236
93516,34.95703,-117.73045
93517,38.184583,-119.286558
93518,35.358953,-118.527064
93519,35.3089,-117.9684
93523,34.966777,-117.961179
93524,34.932,-117.9071
93526,36.869584,-118.189241
93527,36.041315,-118.188235
93528,35.363339,-117.637641
93529,37.730269,-119.055813
93531,35.214982,-118.59049
93532,34.659579,-118.584212
93534,34.727529,-118.153098
93535,34.712708,-117.889656
93536,34.741406,-118.38111
93541,37.890145,-119.184087
93543,34.505273,-117.955054
93544,34.500091,-117.765862
93545,36.590415,-118.073839
93546,37.550074,-118.837167
93550,34.536232,-118.082935
93551,34.613476,-118.256358
93552,34.557711,-118.029441
93553,34.445239,-117.894868
93554,35.405722,-117.773354
93555,35.603913,-117.67828
93560,34.903052,-118.411251
93561,35.073777,-118.652112
93562,35.74837,-117.384948
93563,34.39583,-117.734568
93591,34.598221,-117.79593
93601,37.375816,-119.739935
93602,36.991762,-119.242874
93603,36.64545,-118.924982
93604,37.458367,-119.345011
93608,36.488056,-120.407691
93609,36.5276,-119.865999
93610,37.100948,-120.270136
93611,36.917652,-119.593757
93612,36.814539,-119.711868
93614,37.212191,-119.749323
93615,36.497895,-119.285484
93616,36.657462,-119.595293
93618,36.523619,-119.386868
93619,36.8432,-119.6518
93620,37.045728,-120.630682
93621,36.789213,-119.140338
93622,36.785618,-120.625382
93623,37.483535,-119.679414
93625,36.625792,-119.672483
93626,37.027663,-119.69056
93627,36.520537,-120.118055
93628,36.807595,-118.901544
93630,36.727418,-120.123526
93631,36.478239,-119.52137
93633,36.7341,-118.9588
93635,36.995162,-120.955099
93636,36.9528,-119.8806
93637,36.902954,-120.194274
93638,37.004068,-119.930027
93640,36.687292,-120.437354
93641,36.696759,-119.024051
93643,37.244307,-119.470256
93644,37.648647,-119.231447
93645,37.140104,-119.657092
93646,36.633498,-119.298895
93647,36.600185,-119.175655
93648,36.622237,-119.521126
93650,36.841655,-119.797113
93651,37.007238,-119.505661
93652,36.594542,-119.905245
93653,37.252057,-119.95783
93654,36.636638,-119.421842
93656,36.452211,-119.94575
93657,36.819628,-119.440414
93660,36.600193,-120.153393
93662,36.545322,-119.642281
93664,37.223,-119.001021
93667,36.993666,-119.348267
93668,36.635661,-120.288644
93669,37.287758,-119.548156
93675,36.719141,-119.202677
93701,36.749403,-119.787574
93702,36.739385,-119.753649
93703,36.768774,-119.762633
93704,36.799648,-119.801247
93705,36.78724,-119.827813
93706,36.654614,-119.903674
93710,36.822715,-119.761826
93711,36.833002,-119.82947
93720,36.878709,-119.7645
93721,36.732694,-119.783786
93722,36.78979,-119.929894
93723,36.7863,-119.9532
93725,36.623632,-119.741322
93726,36.793601,-119.761131
93727,36.751489,-119.68072
93728,36.757345,-119.818274
93730,36.8878,-119.7589
93737,36.7477,-119.7724
93741,36.7464,-119.6397
93901,36.64152,-121.622188
93905,36.667794,-121.601306
93906,36.722898,-121.633648
93907,36.77462,-121.664714
93908,36.624338,-121.615669
93920,36.092975,-121.549826
93923,36.460611,-121.852507
93924,36.414611,-121.6386
93925,36.596271,-121.442274
93926,36.52588,-121.396719
93927,36.248708,-121.386617
93930,36.220761,-120.980777
93932,35.989792,-121.055933
93933,36.689582,-121.758398
93940,36.362741,-121.869685
93943,36.597,-121.8741
93944,36.6062,-121.9089
93950,36.618337,-121.926417
93953,36.587497,-121.944815
93955,36.625114,-121.823565
93960,36.414216,-121.360597
93962,36.624641,-121.647195
94002,37.509366,-122.306132
94005,37.684694,-122.40712
94010,37.57028,-122.365778
94014,37.691561,-122.445202
94015,37.680844,-122.48131
94019,37.45567,-122.407992
94020,37.285677,-122.224165
94021,37.266388,-122.26308
94022,37.349546,-122.134356
94024,37.352911,-122.093002
94025,37.449551,-122.183762
94027,37.454924,-122.203168
94028,37.369709,-122.215844
94030,37.601248,-122.403099
94035,37.3861,-122.0839
94037,37.540582,-122.509594
94038,37.515556,-122.502311
94040,37.380662,-122.086022
94041,37.388349,-122.075299
94043,37.419725,-122.062947
94044,37.573633,-122.455167
94060,37.22565,-122.297533
94061,37.461251,-122.235414
94062,37.410567,-122.297152
94063,37.499411,-122.196318
94065,37.527497,-122.230941
94066,37.624436,-122.430661
94070,37.497915,-122.267361
94074,37.331762,-122.341444
94080,37.654436,-122.426468
94085,37.3886,-122.0177
94086,37.378541,-122.020456
94087,37.3511,-122.037311
94089,37.421633,-122.009613
94102,37.7795,-122.419233
94103,37.773147,-122.411287
94104,37.791222,-122.402241
94105,37.789168,-122.395009
94107,37.768881,-122.395521
94108,37.791998,-122.408653
94109,37.794487,-122.42227
94110,37.750021,-122.415201
94111,37.801776,-122.402293
94112,37.720498,-122.443119
94114,37.758085,-122.434801
94115,37.786031,-122.437301
94116,37.74441,-122.486764
94117,37.770533,-122.445121
94118,37.781304,-122.461522
94121,37.776718,-122.495781
94122,37.760412,-122.484966
94123,37.800254,-122.436975
94124,37.731505,-122.384532
94127,37.736535,-122.45732
94128,37.6216,-122.3929
94129,37.797526,-122.464531
94130,37.820894,-122.369725
94131,37.746699,-122.442833
94132,37.722302,-122.491129
94133,37.802071,-122.411004
94134,37.721052,-122.413573
94158,37.7694,-122.3867
94301,37.444314,-122.149996
94303,37.45809,-122.115398
94304,37.386978,-122.177746
94305,37.424342,-122.165641
94306,37.416159,-122.131337
94401,37.590421,-122.306467
94402,37.556634,-122.317723
94403,37.538309,-122.305109
94404,37.556094,-122.272437
94501,37.774633,-122.274434
94502,37.724817,-122.224363
94503,38.1668,-122.2553
94505,37.8989,-121.6054
94506,37.791481,-121.903253
94507,37.855717,-121.994813
94508,38.542448,-122.419923
94509,37.980057,-121.801599
94510,38.113533,-122.11926
94511,38.050558,-121.646924
94512,38.140719,-121.838298
94513,37.908242,-121.682472
94514,37.83323,-121.601461
94515,38.629618,-122.593216
94517,37.881842,-121.848111
94518,37.950248,-122.022455
94519,37.990118,-122.012188
94520,38.013825,-122.039144
94521,37.971421,-121.971504
94523,37.95338,-122.076886
94525,38.049292,-122.228415
94526,37.815459,-121.977203
94528,37.8387,-121.9667
94530,37.924838,-122.289145
94531,37.9658,-121.7758
94533,38.287136,-122.02711
94534,38.2423,-122.1314
94535,38.265899,-121.939461
94536,37.572273,-121.964583
94538,37.505768,-121.962472
94539,37.516791,-121.899117
94541,37.674002,-122.076796
94542,37.656695,-122.048361
94544,37.639215,-122.037554
94545,37.62984,-122.120843
94546,37.708327,-122.083473
94547,37.991259,-122.214945
94548,37.9726,-121.6652
94549,37.907777,-122.127161
94550,37.571748,-121.659562
94551,37.7526,-121.77
94552,37.722727,-122.02157
94553,38.014457,-122.115432
94555,37.555473,-122.080312
94556,37.827946,-122.107185
94558,38.489789,-122.27011
94559,38.232389,-122.324944
94560,37.504133,-122.032347
94561,37.999406,-121.686241
94563,37.873916,-122.20522
94564,37.996462,-122.293716
94565,38.006047,-121.916834
94566,37.633361,-121.862395
94567,38.672708,-122.403219
94568,37.713926,-121.928425
94569,38.035707,-122.196821
94571,38.148862,-121.737696
94572,38.027218,-122.23463
94574,38.581354,-122.296283
94576,38.554383,-122.474773
94577,37.717196,-122.159338
94578,37.704384,-122.126703
94579,37.687264,-122.15728
94580,37.676249,-122.132415
94582,37.7636,-121.9155
94583,37.766556,-121.976784
94585,38.197907,-122.017258
94586,37.587494,-121.862856
94587,37.59485,-122.051521
94588,37.685052,-121.912061
94589,38.161321,-122.271588
94590,38.104705,-122.247387
94591,38.105733,-122.186338
94592,38.093701,-122.276589
94595,37.862128,-122.075197
94596,37.900662,-122.052782
94597,37.9182,-122.0717
94598,37.916648,-122.008483
94599,38.421458,-122.365048
94601,37.776523,-122.219268
94602,37.803883,-122.208417
94603,37.739113,-122.175602
94605,37.758019,-122.138678
94606,37.792489,-122.244314
94607,37.80707,-122.297401
94608,37.83726,-122.287648
94609,37.834341,-122.26437
94610,37.808731,-122.238708
94611,37.828416,-122.216005
94612,37.809014,-122.269739
94613,37.7811,-122.1866
94618,37.84551,-122.235181
94619,37.787186,-122.14633
94621,37.750553,-122.197175
94702,37.866009,-122.286228
94703,37.863843,-122.275684
94704,37.871416,-122.246597
94705,37.858898,-122.240512
94706,37.890274,-122.295192
94707,37.897753,-122.279391
94708,37.897743,-122.263124
94709,37.878554,-122.26609
94710,37.872902,-122.303708
94720,37.8738,-122.2549
94801,37.945288,-122.383941
94803,37.963995,-122.288296
94804,37.921034,-122.341798
94805,37.941456,-122.320968
94806,37.980269,-122.342635
94901,37.972662,-122.491452
94903,38.018065,-122.546024
94904,37.946617,-122.563571
94920,37.885629,-122.46858
94922,38.343282,-122.9755
94923,38.377165,-123.037957
94924,37.943087,-122.72379
94925,37.924014,-122.511694
94928,38.34719,-122.697822
94929,38.24458,-122.956268
94930,37.971751,-122.611873
94931,38.326215,-122.718742
94933,38.010092,-122.689442
94937,38.099323,-122.945723
94938,38.021772,-122.691744
94939,37.937082,-122.532369
94940,38.129308,-122.834815
94941,37.901371,-122.572024
94945,38.135897,-122.563683
94946,38.065359,-122.665566
94947,38.112166,-122.634384
94949,38.067204,-122.524004
94951,38.325599,-122.642352
94952,38.237018,-122.77872
94954,38.235021,-122.557332
94956,38.060264,-122.830646
94957,37.9624,-122.555
94960,37.99272,-122.575026
94963,38.00474,-122.663717
94964,37.942551,-122.491642
94965,37.848641,-122.515692
94970,37.921137,-122.657562
94971,38.240769,-122.901041
94972,38.339996,-122.935056
94973,38.005839,-122.638155
95002,37.449537,-121.994813
95003,37.013471,-121.877877
95004,36.878364,-121.629781
95005,37.078873,-122.090386
95006,37.171727,-122.142961
95008,37.279689,-121.954567
95010,36.977025,-121.952864
95012,36.784481,-121.759054
95013,37.2123,-121.7416
95014,37.306612,-122.080621
95017,37.114335,-122.237162
95018,37.089111,-122.062213
95019,36.936228,-121.785559
95020,37.03889,-121.528955
95023,36.875409,-121.279679
95030,37.222842,-121.988727
95032,37.233034,-121.947427
95033,37.160194,-121.945611
95035,37.441931,-121.878502
95037,37.161544,-121.649371
95039,36.863303,-121.781632
95043,36.525703,-120.952122
95045,36.810568,-121.503022
95046,37.084697,-121.606417
95050,37.351214,-121.952417
95051,37.348129,-121.98469
95053,37.3498,-121.9378
95054,37.393554,-121.965114
95060,36.993451,-122.098858
95062,36.974575,-121.991149
95064,37.007882,-122.065975
95065,37.031404,-121.981865
95066,37.070177,-122.010077
95070,37.257772,-122.051824
95073,37.023669,-121.946461
95075,36.767,-121.3017
95076,36.931654,-121.752383
95110,37.34667,-121.910019
95111,37.284265,-121.827673
95112,37.343827,-121.883119
95113,37.333851,-121.891147
95116,37.350284,-121.852855
95117,37.311088,-121.961786
95118,37.255479,-121.889838
95119,37.233226,-121.78809
95120,37.186141,-121.843554
95121,37.304681,-121.809955
95122,37.32886,-121.834567
95123,37.238758,-121.828375
95124,37.257063,-121.923037
95125,37.294926,-121.894763
95126,37.327069,-121.916819
95127,37.375156,-121.795867
95128,37.316146,-121.936285
95129,37.305622,-122.000887
95130,37.277592,-121.986477
95131,37.387027,-121.897775
95132,37.424655,-121.74841
95133,37.371862,-121.860349
95134,37.42765,-121.945416
95135,37.28682,-121.723877
95136,37.270938,-121.851046
95138,37.246064,-121.749494
95139,37.218705,-121.762429
95140,37.382909,-121.634151
95141,37.3394,-121.895
95148,37.339533,-121.777179
95192,37.3383,-121.8801
95202,37.959706,-121.287669
95203,37.954089,-121.329761
95204,37.974498,-121.319568
95205,37.965695,-121.260051
95206,37.902422,-121.440029
95207,38.002125,-121.324979
95209,38.044523,-121.348048
95210,38.033219,-121.297433
95211,37.9809,-121.311
95212,38.049457,-121.21653
95215,37.946282,-121.139499
95219,38.029729,-121.387999
95220,38.200231,-121.235034
95222,38.071327,-120.632221
95223,38.32153,-120.236358
95228,37.943954,-120.67108
95230,37.956963,-120.863055
95231,37.873283,-121.292034
95232,38.358464,-120.579304
95236,38.047746,-121.030499
95237,38.166791,-121.14207
95240,38.123544,-121.159078
95242,38.128087,-121.4078
95245,38.304194,-120.592431
95246,38.264262,-120.515133
95247,38.147852,-120.440124
95249,38.196497,-120.61689
95251,38.055562,-120.456298
95252,38.156971,-120.849231
95255,38.41935,-120.469545
95257,38.392686,-120.415951
95258,38.169605,-121.310964
95301,37.321233,-120.656354
95303,37.4695,-120.672724
95304,37.7319,-121.4096
95306,37.394411,-120.127262
95307,37.553469,-120.952825
95310,38.085839,-120.37855
95311,37.722127,-120.110174
95313,37.435664,-121.049056
95315,37.422961,-120.765493
95316,37.524721,-120.757977
95317,37.127386,-120.506422
95318,37.654551,-119.822984
95320,37.818543,-121.006907
95321,37.902968,-119.667544
95322,37.147198,-121.120161
95323,37.605926,-120.69955
95324,37.394536,-120.890747
95326,37.5923,-120.853288
95327,37.84771,-120.486589
95328,37.555631,-120.911653
95329,37.666587,-120.411517
95330,37.80821,-121.308401
95333,37.249377,-120.249581
95334,37.361987,-120.748394
95335,38.109125,-120.078597
95336,37.830267,-121.201018
95337,37.750822,-121.238423
95338,37.526791,-119.99437
95340,37.255637,-120.493537
95341,37.2308,-120.5144
95345,37.581496,-119.972762
95346,38.121601,-120.133915
95348,37.40122,-120.514191
95350,37.671806,-121.007575
95351,37.621458,-121.012295
95354,37.639029,-120.964772
95355,37.672906,-120.946594
95356,37.716186,-121.025836
95357,37.670526,-120.877572
95358,37.612612,-121.108568
95360,37.343846,-121.039391
95361,37.785033,-120.776141
95363,37.410236,-121.320337
95364,38.224869,-119.755729
95365,37.329725,-120.306399
95366,37.750778,-121.13238
95367,37.734971,-120.954271
95368,37.713152,-121.08739
95369,37.521708,-120.426843
95370,37.982716,-120.343732
95372,37.990574,-120.261821
95374,37.316807,-120.855753
95376,37.680968,-121.446049
95377,37.6567,-121.4955
95379,37.939768,-120.188002
95380,37.474396,-120.875917
95382,37.529656,-120.854357
95383,38.107441,-120.230625
95385,37.609095,-121.263381
95386,37.669516,-120.626964
95388,37.421299,-120.599587
95389,37.704267,-119.607001
95391,37.7695,-121.5397
95401,38.460517,-122.790335
95403,38.488431,-122.752839
95404,38.526941,-122.709096
95405,38.439696,-122.668817
95407,38.394091,-122.739814
95409,38.468893,-122.580539
95410,39.225694,-123.717354
95412,38.731055,-123.316553
95415,39.025867,-123.381544
95417,39.710591,-123.682799
95420,39.361283,-123.784599
95421,38.578807,-123.19338
95422,38.965804,-122.631779
95423,39.07116,-122.598542
95425,38.801936,-122.938935
95426,38.838088,-122.73203
95427,39.239818,-123.565432
95428,39.83307,-123.178765
95429,39.756049,-123.358701
95432,39.108252,-123.645121
95436,38.499302,-122.92444
95437,39.455555,-123.683979
95439,38.493888,-122.777141
95441,38.731771,-123.064272
95442,38.368744,-122.522642
95443,39.045246,-122.743181
95444,38.434362,-122.86891
95445,38.848082,-123.50608
95446,38.52576,-123.013347
95448,38.618347,-122.908422
95449,38.93706,-123.118111
95450,38.505995,-123.187019
95451,38.93496,-122.792243
95452,38.419525,-122.521585
95453,39.080469,-122.955176
95454,39.806141,-123.531098
95456,39.245911,-123.77214
95457,38.925545,-122.549083
95458,39.141934,-122.770679
95459,38.966713,-123.586412
95460,39.305545,-123.743697
95461,38.787446,-122.58675
95462,38.471049,-123.015549
95464,39.12334,-122.838198
95465,38.415003,-122.998726
95466,39.094102,-123.500853
95467,38.8036,-122.5407
95468,38.911299,-123.609588
95469,39.408634,-123.045516
95470,39.298065,-123.25211
95472,38.398815,-122.861923
95476,38.25485,-122.461799
95482,39.134075,-123.23422
95485,39.220368,-122.907693
95488,39.724433,-123.767578
95490,39.492046,-123.375818
95492,38.527297,-122.810044
95493,39.222323,-122.985488
95494,38.888351,-123.239647
95497,38.696659,-123.436861
95501,40.796621,-124.15428
95503,40.737431,-124.108897
95511,40.166028,-123.584144
95514,40.309088,-123.668201
95519,40.965011,-124.015255
95521,40.839958,-124.003757
95524,40.825486,-124.049485
95525,40.94338,-123.831799
95526,40.372532,-123.525626
95527,40.854512,-123.450097
95528,40.497283,-123.93037
95531,41.701223,-124.003393
95536,40.4785,-124.301372
95540,40.584991,-124.121504
95542,40.057784,-123.679461
95543,41.867908,-123.794144
95546,41.163637,-123.704841
95547,40.557314,-124.081662
95548,41.572813,-124.035011
95549,40.664483,-123.865325
95550,40.7666,-123.80458
95551,40.665952,-124.240051
95552,40.390301,-123.412327
95554,40.267158,-123.805913
95555,41.336354,-124.044354
95556,41.269521,-123.546958
95558,40.274302,-124.210902
95560,40.142256,-123.852927
95562,40.485849,-124.163234
95563,40.89866,-123.539754
95564,40.809636,-124.189977
95565,40.440636,-124.098739
95567,41.950683,-124.097094
95568,41.444606,-123.471895
95569,40.363446,-123.835041
95570,41.162295,-124.027381
95573,40.949012,-123.655847
95585,39.873371,-123.741474
95587,39.955587,-123.681175
95589,40.053159,-123.995867
95595,40.170357,-123.417298
95602,38.99003,-121.114408
95603,38.912881,-121.082766
95605,38.592745,-121.540036
95606,38.809804,-122.241383
95607,38.681651,-122.130569
95608,38.626128,-121.328011
95610,38.69508,-121.271616
95612,38.384648,-121.578701
95614,38.880622,-120.973865
95615,38.311609,-121.554034
95616,38.508735,-121.678813
95618,38.544002,-121.685559
95619,38.683605,-120.811852
95620,38.392821,-121.799917
95621,38.69549,-121.307864
95623,38.63153,-120.842609
95624,38.434138,-121.30587
95626,38.734997,-121.463719
95627,38.834469,-122.127193
95628,38.652065,-121.25441
95629,38.513484,-120.704613
95630,38.672638,-121.147403
95631,39.031876,-120.811141
95632,38.274451,-121.259201
95633,38.852544,-120.837669
95634,38.9386,-120.785514
95635,38.921333,-120.897718
95636,38.636102,-120.522149
95637,38.830739,-122.196202
95638,38.313447,-121.123886
95640,38.33788,-120.954202
95641,38.154823,-121.601358
95642,38.336216,-120.76901
95645,38.875508,-121.765866
95648,38.922812,-121.312005
95650,38.809175,-121.171375
95651,38.815515,-120.916997
95652,38.6621,-121.3955
95653,38.674276,-121.961866
95655,38.549822,-121.266725
95658,38.883224,-121.15918
95659,38.788898,-121.608624
95660,38.671295,-121.388251
95661,38.736685,-121.251984
95662,38.689174,-121.218435
95663,38.859093,-121.182872
95664,38.803731,-121.043799
95665,38.400264,-120.641274
95666,38.546999,-120.271114
95667,38.733714,-120.795213
95668,38.833554,-121.498102
95669,38.489273,-120.891614
95670,38.602723,-121.279913
95672,38.724322,-120.991237
95673,38.688764,-121.457596
95674,38.954144,-121.482536
95677,38.7904,-121.236973
95678,38.759751,-121.288545
95679,38.8953,-122.3079
95681,38.984756,-121.345074
95682,38.598936,-120.963092
95683,38.470423,-121.114897
95684,38.606703,-120.586659
95685,38.432145,-120.77069
95687,38.333133,-121.920151
95688,38.419088,-122.024568
95689,38.481902,-120.603668
95690,38.240419,-121.587535
95691,38.627951,-121.593287
95692,39.043387,-121.409837
95693,38.392559,-121.225093
95694,38.578604,-122.024579
95695,38.71967,-121.862416
95698,38.8204,-121.9191
95701,39.218096,-120.79153
95703,38.983388,-120.988814
95709,38.748316,-120.675512
95713,39.084645,-120.894014
95714,39.197215,-120.83679
95715,39.23754,-120.720196
95717,39.170376,-120.838404
95720,38.766036,-120.209673
95721,38.851842,-120.076204
95722,39.003358,-121.022539
95724,39.318,-120.356
95726,38.733908,-120.453416
95728,39.279068,-120.414275
95735,38.805481,-120.13287
95742,38.591134,-121.161585
95746,38.749466,-121.184196
95747,38.784329,-121.373245
95757,38.4081,-121.4294
95758,38.35363,-121.44195
95762,38.684437,-121.055634
95765,38.823278,-121.281856
95776,38.694081,-121.694431
95811,38.5762,-121.488
95814,38.584505,-121.491956
95815,38.608405,-121.449942
95816,38.574856,-121.46504
95817,38.550722,-121.457314
95818,38.556306,-121.495817
95819,38.567594,-121.437507
95820,38.53508,-121.444144
95821,38.625096,-121.383658
95822,38.512569,-121.495184
95823,38.475465,-121.443625
95824,38.517295,-121.439819
95825,38.590035,-121.412455
95826,38.542532,-121.378826
95827,38.549185,-121.328386
95828,38.486938,-121.395805
95829,38.486502,-121.334051
95830,38.490508,-121.284171
95831,38.494832,-121.529447
95832,38.445939,-121.496855
95833,38.619049,-121.517552
95834,38.646209,-121.52446
95835,38.685069,-121.543709
95836,38.7198,-121.5343
95837,38.691607,-121.602284
95838,38.646096,-121.442433
95841,38.660442,-121.346321
95842,38.687367,-121.34848
95843,38.715498,-121.363411
95864,38.585826,-121.376263
95901,39.19514,-121.503883
95903,39.125311,-121.392283
95910,39.467828,-120.841386
95912,38.982373,-122.047751
95914,39.396585,-121.38029
95915,40.006,-121.2491
95916,39.657228,-121.37778
95917,39.457388,-121.818201
95918,39.292334,-121.320597
95919,39.440687,-121.263583
95920,39.449794,-121.936372
95922,39.432127,-121.099287
95923,40.171312,-121.120605
95925,39.461768,-121.195825
95926,39.745712,-121.84333
95928,39.681488,-121.83721
95932,39.273096,-122.050763
95934,40.080342,-120.957805
95935,39.381174,-121.21191
95936,39.578792,-120.780786
95937,38.931425,-121.946081
95938,39.607831,-121.777959
95939,39.53222,-122.594879
95941,39.531028,-121.24807
95942,40.077028,-121.494168
95943,39.597975,-122.032248
95944,39.564113,-120.868836
95945,39.194539,-120.988066
95946,39.203817,-121.19584
95947,40.160386,-120.835428
95948,39.346898,-121.759537
95949,39.099204,-121.137962
95951,39.732767,-122.042298
95953,39.258746,-121.77697
95954,39.933852,-121.584371
95955,39.281194,-122.226568
95956,39.937017,-121.058043
95957,39.068071,-121.832638
95959,39.333737,-120.858667
95960,39.423046,-120.984472
95961,39.082568,-121.55325
95962,39.342587,-121.249833
95963,39.748037,-122.302169
95965,39.624561,-121.552866
95966,39.473896,-121.415927
95968,39.435756,-121.552071
95969,39.69676,-121.644379
95970,39.424957,-122.039307
95971,39.971228,-121.041166
95972,39.4256,-121.3252
95973,39.903272,-121.843567
95975,39.225634,-121.156163
95977,39.176595,-121.291692
95979,39.288127,-122.415841
95981,39.58458,-121.093256
95982,39.172777,-121.805845
95983,40.053684,-120.743116
95984,40.022184,-121.062384
95987,39.117537,-122.284654
95988,39.493991,-122.286363
95991,39.02741,-121.614982
95993,39.075694,-121.70606
96001,40.587919,-122.464732
96002,40.527834,-122.318749
96003,40.677649,-122.29467
96006,41.171578,-120.913161
96007,40.448632,-122.306657
96008,40.722733,-122.109666
96010,40.775272,-123.287414
96013,40.946785,-121.719489
96014,41.388397,-122.794636
96015,41.486953,-120.913975
96016,40.936285,-121.572692
96017,41.121108,-122.336613
96019,40.692523,-122.369876
96020,40.243494,-121.154733
96021,39.913777,-122.289984
96022,40.336392,-122.448533
96023,41.949216,-122.050062
96024,40.586588,-122.903677
96025,41.212695,-122.392067
96027,41.405193,-123.008567
96028,41.017282,-121.468945
96031,41.232128,-123.194748
96032,41.5837,-122.935922
96033,40.740138,-122.587476
96034,41.411315,-122.697236
96035,40.03194,-122.176023
96038,41.599978,-122.539381
96039,41.831901,-123.487478
96040,40.789799,-121.474529
96041,40.547857,-123.187265
96044,41.962127,-122.527696
96046,40.648024,-123.465088
96047,40.524535,-122.647172
96048,40.913192,-123.06597
96050,41.816595,-122.948287
96051,40.883853,-122.418258
96052,40.704293,-122.803899
96054,41.280478,-121.160249
96055,40.059385,-122.091481
96056,41.10831,-121.360362
96057,41.251322,-122.105209
96058,41.769709,-121.92063
96059,40.426679,-121.850421
96061,40.331975,-121.460674
96062,40.531257,-122.148139
96063,40.408796,-121.579609
96064,41.759864,-122.379175
96065,40.877552,-121.885884
96067,41.33832,-122.290756
96069,40.689243,-122.037023
96071,40.656287,-121.428965
96073,40.582399,-122.195512
96075,40.343213,-121.815412
96076,40.367964,-122.937379
96080,40.186772,-122.388361
96085,41.737962,-123.07557
96086,41.924174,-123.260788
96087,40.617614,-122.512861
96088,40.497441,-121.827524
96091,41.081847,-122.700545
96093,40.759401,-122.939337
96094,41.465121,-122.380947
96096,40.637105,-121.906949
96097,41.764869,-122.671316
96101,41.468877,-120.54229
96103,39.783747,-120.661032
96104,41.505916,-120.152505
96105,39.872961,-120.198876
96106,39.745805,-120.580882
96107,38.42528,-119.475741
96108,41.750354,-120.403885
96109,40.012675,-120.101857
96111,39.3928,-120.0212
96112,41.932207,-120.135941
96113,40.198234,-120.18089
96114,40.294034,-120.512622
96115,41.729079,-120.225025
96116,41.266008,-120.490731
96117,40.507272,-120.338228
96118,39.637471,-120.226338
96119,41.042003,-120.506086
96120,38.735789,-119.85798
96121,40.181279,-120.392967
96122,39.786755,-120.445626
96123,40.845738,-120.322219
96124,39.672813,-120.456699
96125,39.600599,-120.636358
96126,39.559709,-120.345639
96128,40.346634,-120.386422
96129,39.7721,-120.4051
96130,40.559177,-120.612113
96132,41.027281,-120.669427
96133,38.636052,-119.489162
96134,41.813521,-121.492666
96136,40.345949,-120.081187
96137,40.271535,-121.018087
96140,39.227434,-120.091806
96141,39.117018,-120.212535
96142,39.061227,-120.179546
96143,39.246654,-120.029273
96145,39.178337,-120.162806
96146,39.191797,-120.212401
96148,39.24124,-120.054765
96150,38.911577,-120.106169
96161,39.342498,-120.247127
96162,39.328,-120.1833
